Time Sent,Sender,Message Contents
2025-02-17 06:13:08,Bot,Reminder: Keep practicing your listening skills today!
2025-02-18 07:54:58,Bot,Reminder: Keep practicing your listening skills today!
2025-02-19 07:59:40,Bot,Reminder: Keep practicing your listening skills today!
2025-02-20 12:59:04,Bot,Reminder: Keep practicing your listening skills today!
2025-02-21 13:47:03,Bot,Reminder: Keep practicing your listening skills today!
2025-02-22 14:11:20,Bot,Reminder: Keep practicing your listening skills today!
2025-02-22 14:11:20,User,Sometimes I struggle to remember instructions when there's a lot going on. Any tips?
2025-02-22 14:11:20,Bot,"Break instructions into smaller steps, use mnemonic devices, or write down key points immediately after hearing them."
2025-02-22 14:11:20,User,"Break instructions into smaller steps, u"
2025-02-23 14:55:29,Bot,Reminder: Keep practicing your listening skills today!
2025-02-24 09:18:37,Bot,Reminder: Keep practicing your listening skills today!
2025-02-24 09:18:37,Bot,It's time for your mid-assessment. Let's see how you've progressed so far!
2025-02-24 09:18:37,User,Sometimes I struggle to remember instructions when there's a lot going on. Any tips?
2025-02-24 09:18:37,Bot,"Break instructions into smaller steps, use mnemonic devices, or write down key points immediately after hearing them."
2025-02-24 09:18:37,User,Break instructions into smaller ste
2025-02-25 12:51:32,Bot,Reminder: Keep practicing your listening skills today!
2025-02-26 07:20:18,Bot,Reminder: Keep practicing your listening skills today!
2025-02-27 12:31:09,Bot,Reminder: Keep practicing your listening skills today!
2025-02-28 12:51:40,Bot,Reminder: Keep practicing your listening skills today!
2025-03-01 07:22:41,Bot,Reminder: Keep practicing your listening skills today!
2025-03-01 07:22:41,User,I'm having trouble dealing with a colleague who doesn't listen to instructions properly. Any advice?
2025-03-01 07:22:41,Bot,"Try using open-ended questions to engage them. If they don't respond well, summarise instructions back to confirm understanding."
2025-03-01 07:22:41,User,Try using open-ended questions to enga
2025-03-02 13:26:54,Bot,Reminder: Keep practicing your listening skills today!
2025-03-03 07:19:41,Bot,Reminder: Keep practicing your listening skills today!
2025-03-03 07:19:41,Bot,Final assessment time! Let's evaluate your listening skills.
2025-03-03 07:19:41,User,A customer keeps interrupting when I try to explain something. How do I handle this?
2025-03-03 07:19:41,Bot,"Acknowledge their concern first, then politely redirect the conversation by saying, 'I hear you, but let me finish this explanation for you.'"
2025-03-03 07:19:41,User,"Acknowledge their concern first, then politely "
